<?xml version="1.0" encoding="utf-8"?><testclasses><icommercestorefront><testclass>com.icommerce.storefront.filters.StorefrontFilterTest</testclass><testclass>de.hybris.platform.smarteditaddon.interceptors.beforeview.SmarteditaddonCMSPageBeforeViewHandlerTest</testclass><testclass>com.icommerce.storefront.controllers.pages.AccountPageControllerTest</testclass><testclass>com.icommerce.storefront.filters.AbstractAddOnFilterTest</testclass><testclass>de.hybris.platform.acceleratorstorefrontcommons.controllers.pages.AbstractSearchPageControllerUnitTest</testclass><testclass>com.icommerce.storefront.controllers.cms.NavigationBarComponentControllerTest</testclass><testclass>com.icommerce.storefront.controllers.cms.ProductFeatureComponentControllerTest</testclass><testclass>com.icommerce.storefront.security.impl.DefaultGuestCheckoutCartCleanStrategyTest</testclass><testclass>com.icommerce.storefront.web.view.UiExperienceViewResolverTest</testclass><testclass>com.icommerce.storefront.interceptors.i18n.SetLanguageBeforeControllerHandlerTest</testclass><testclass>com.icommerce.storefront.security.cookie.EnhancedCookieGeneratorTest</testclass><testclass>com.icommerce.storefront.security.impl.CsrfProtectionMatcherTest</testclass><testclass>com.icommerce.storefront.renderer.CMSLinkComponentRendererTest</testclass><testclass>com.icommerce.storefront.security.AcceleratorAuthenticationProviderTest</testclass><testclass>de.hybris.platform.springmvctests.EmptyTest</testclass><testclass>com.icommerce.storefront.controllers.pages.checkout.steps.MultiStepCheckoutControllerTest</testclass><testclass>com.icommerce.storefront.filters.CommonResourcesAddOnFilterTest</testclass><testclass>com.icommerce.storefront.controllers.cms.MiniCartComponentControllerTest</testclass><testclass>com.icommerce.storefront.controllers.cms.ProductCarouselComponentControllerTest</testclass><testclass>com.icommerce.storefront.filters.AcceleratorAddOnFilterTest</testclass><testclass>com.icommerce.storefront.filters.CustomerLocationRestorationFilterTest</testclass><testclass>com.icommerce.storefront.interceptors.beforeview.CartRestorationBeforeViewHandlerTest</testclass><testclass>com.icommerce.storefront.controllers.cms.CartSuggestionComponentControllerTest</testclass><testclass>com.icommerce.storefront.renderer.ImageMapComponentRendererTest</testclass><testclass>com.icommerce.storefront.controllers.cms.CategoryFeatureComponentControllerTest</testclass><testclass>com.icommerce.storefront.controllers.pages.CartPageControllerTest</testclass><testclass>com.icommerce.storefront.web.wrappers.UrlEncodeHttpRequestWrapperTest</testclass><testclass>com.icommerce.storefront.controllers.cms.ProductReferencesComponentControllerTest</testclass><testclass>com.icommerce.storefront.controllers.cms.DefaultCMSComponentControllerTest</testclass><testclass>com.icommerce.storefront.security.impl.WebHttpSessionRequestCacheUnitTest</testclass><testclass>com.icommerce.storefront.web.mvc.AcceleratorUrlPathHelperTest</testclass><testclass>com.icommerce.storefront.interceptors.beforeview.ConsentManagementBeforeViewHandlerTest</testclass><testclass>com.icommerce.storefront.controllers.cms.PurchasedCategorySuggestionComponentControllerTest</testclass></icommercestorefront></testclasses>