<?xml version="1.0" encoding="utf-8"?><testclasses><icommercecore><testclass>com.icommerce.core.suggestion.DefaultSimpleSuggestionServiceIntegrationTest</testclass><testclass>com.icommerce.core.externaltax.mock.MockCalculateExternalTaxesStrategy</testclass><testclass>com.icommerce.core.job.QuoteExpiredJobPerformableTest</testclass><testclass>com.icommerce.core.job.QuoteToExpireSoonJobPerformableTest</testclass><testclass>com.icommerce.core.actions.quote.MarkQuoteNotificationAsSentActionTest</testclass><testclass>com.icommerce.core.batch.task.BatchIntegrationTest</testclass><testclass>com.icommerce.core.retention.impl.DefaultCustomerCleanupRelatedObjectsActionTest</testclass><testclass>com.icommerce.core.job.CustomersWithOrdersRetentionCronJobIntegrationTest</testclass><testclass>com.icommerce.core.job.OrdersRetentionCronJobIntegrationTest</testclass><testclass>com.icommerce.core.comparators.VolumeAwarePriceInformationComparatorTest</testclass><testclass>com.icommerce.core.suggestion.impl.DefaultSimpleSuggestionServiceTest</testclass><testclass>com.icommerce.core.integration.CheckoutWithExternalTaxesIntegrationTest</testclass><testclass>com.icommerce.core.job.CustomersWithoutOrdersRetentionCronJobIntegrationTest</testclass><testclass>com.icommerce.core.retention.impl.DefaultCSTicketStagnationActionTest</testclass><testclass>com.icommerce.core.job.TicketsRetentionCronJobIntegrationTest</testclass></icommercecore></testclasses>