<?xml version="1.0" encoding="UTF-8" standalone="no"?>
<!--
 [y] hybris Platform

 Copyright (c) 2017 SAP SE or an SAP affiliate company.  All rights reserved.

 This software is the confidential and proprietary information of SAP
 ("Confidential Information"). You shall not disclose such Confidential
 Information and shall use it only in accordance with the terms of the
 license agreement you entered into with SAP.
--><!--
 All hybris buildcallbacks.xml macrodefinitions:
 
 Build/Documentation

	 before/after ant macro "clean"
		 <macrodef name="icommerceinitialdata_before_clean"/>
		 <macrodef name="icommerceinitialdata_after_clean"/>

	 before/after ant macro "build"
		 <macrodef name="icommerceinitialdata_before_build"/>
		 <macrodef name="icommerceinitialdata_after_build"/>

	 before/after ant macro "compile_core" - the core module of the extension
		 <macrodef name="icommerceinitialdata_before_compile_core">
		 <macrodef name="icommerceinitialdata_after_compile_core">

	 before/after ant macro "compile_web" - the web module of the extension
		 <macrodef name="icommerceinitialdata_before_compile_web" />
		 <macrodef name="icommerceinitialdata_after_compile_web" />

	 before/after ant macro "compile_hmc" - the hmc module of the extension
		 <macrodef name="icommerceinitialdata_before_compile_hmc" />
		 <macrodef name="icommerceinitialdata_after_compile_hmc" />

 Preparing extension

	 will be called in the beginning of the ant call and only once (also when using multiple 
	 ant targets e.g. ant build yunittest)
		 <macrodef name="icommerceinitialdata_only_once_prepare"/>

 Creating ear module/production

	before/after ant macro "ear"
		<macrodef name="icommerceinitialdata_before_ear"/>
		<macrodef name="icommerceinitialdata_after_ear"/>

	before/after ant macro "production" - for hybris server only
		<macrodef name="icommerceinitialdata_before_production" />
		<macrodef name="icommerceinitialdata_after_production" />

 JUnit Test

	before/after ant macro "yunitinit" 
		<macrodef name="icommerceinitialdata_before_yunitinit" />
		<macrodef name="icommerceinitialdata_after_yunitinit" />

	before/after ant macro "yunit"
		<macrodef name="icommerceinitialdata_before_yunit" />
		<macrodef name="icommerceinitialdata_after_yunit" /> 

 Distribution package

	before/after ant macro "dist" - internal target; only for use when platform is available in source code
		<macrodef name="icommerceinitialdata_after_dist"/>
		<macrodef name="icommerceinitialdata_before_dist"/>

	before/after ant macro "dist_copy" - internal target; only for use when platform is available in source code
		<macrodef name="icommerceinitialdata_before_dist_copy"/>
		<macrodef name="icommerceinitialdata_after_dist_copy"/>

--><project name="icommerceinitialdata_buildcallbacks">

	<import file="${ext.icommerceinitialdata.path}/resources/icommerceinitialdata/ant/ant-bind-impex-template.xml"/>

	<!-- 
		Called whenever 'ant ear' is used. this callback can be used to modify the content of the ear file

		${ear.path}: 			path to ear
	-->
	<macrodef name="icommerceinitialdata_before_ear">
		<sequential>

			<!-- you can do anything before the EAR file is being packed -->

		</sequential>
	</macrodef>
	
	<!-- exclude impex files from localization --> 
	<patternset id="icommerceinitialdata.localization.pattern">
		<patternset refid="localization.defaultpattern"/>
		<exclude name="**/*.impex"/>
	</patternset>

</project>
