<?xml version="1.0" encoding="ISO-8859-1"?>
<!--
 [y] hybris Platform

 Copyright (c) 2017 SAP SE or an SAP affiliate company.  All rights reserved.

 This software is the confidential and proprietary information of SAP
 ("Confidential Information"). You shall not disclose such Confidential
 Information and shall use it only in accordance with the terms of the
 license agreement you entered into with SAP.
-->

<items xmlns:xsi="http://www.w3.org/2001/XMLSchema-instance" xsi:noNamespaceSchemaLocation="items.xsd">

    <collectiontypes>
        <collectiontype code="GenderList" elementtype="Gender" autocreate="true" generate="true" type="list"/>
        <collectiontype code="SwatchColorSet" elementtype="SwatchColorEnum" autocreate="true" generate="true"
                        type="set"/>
        <collectiontype code="SapCustomerTypeSet" elementtype="java.lang.String"
			autocreate="true" generate="true" type="set" />
    </collectiontypes>

    <enumtypes>
        <enumtype generate="true" code="SwatchColorEnum" autocreate="true" dynamic="true">
            <value code="BLACK"/>
            <value code="BLUE"/>
            <value code="BROWN"/>
            <value code="GREEN"/>
            <value code="GREY"/>
            <value code="ORANGE"/>
            <value code="PINK"/>
            <value code="PURPLE"/>
            <value code="RED"/>
            <value code="SILVER"/>
            <value code="WHITE"/>
            <value code="YELLOW"/>
        </enumtype>
    </enumtypes>

    <itemtypes>

        <!-- Add your item definitions here -->


        <!-- TypeGroups are for structure of this file only -->

        <typegroup name="Apparel">
            <itemtype code="ApparelProduct" extends="Product"
                      autocreate="true" generate="true"
                      jaloclass="com.icommerce.core.jalo.ApparelProduct">
                <description>Base apparel product extension that contains additional attributes.</description>
                <attributes>
                    <attribute qualifier="genders" type="GenderList">
                        <description>List of genders that the ApparelProduct is designed for</description>
                        <modifiers/>
                        <persistence type="property"/>
                    </attribute>
                </attributes>
            </itemtype>

            <itemtype code="ApparelStyleVariantProduct" extends="VariantProduct"
                      autocreate="true" generate="true"
                      jaloclass="com.icommerce.core.jalo.ApparelStyleVariantProduct">
                <description>Apparel style variant type that contains additional attribute describing variant style.
                </description>
                <attributes>
                    <attribute qualifier="style" type="localized:java.lang.String"
                               metatype="VariantAttributeDescriptor">
                        <description>Color/Pattern of the product.</description>
                        <modifiers/>
                        <persistence type="property"/>
                    </attribute>

                    <attribute qualifier="swatchColors" type="SwatchColorSet">
                        <description>A normalized color mapping to a standardized front-end navigable name.
                        </description>
                        <modifiers/>
                        <persistence type="property"/>
                    </attribute>
                </attributes>

            </itemtype>
            
            <!-- Icommerce changes -->
			<!-- Item type for B2BUnit type -->
			<itemtype code="B2BUnit" autocreate="false" generate="false">
				<attributes>
					<attribute qualifier="name1" type="java.lang.String">
						<modifiers read="true" write="true" search="true" />
						<persistence type="property" />
					</attribute>
					<attribute qualifier="name2" type="java.lang.String">
						<modifiers read="true" write="true" search="true" />
						<persistence type="property" />
					</attribute>
					<attribute qualifier="paymentTerms" type="java.lang.String">
						<modifiers read="true" write="true" search="true" />
						<persistence type="property" />
					</attribute>
					<attribute qualifier="orderBlocked" type="java.lang.Boolean">
						<modifiers read="true" write="true" search="true" />
						<defaultvalue>java.lang.Boolean.FALSE</defaultvalue>
						<persistence type="property" />
					</attribute>
					<attribute qualifier="deliveryBlocked" type="java.lang.Boolean">
						<modifiers read="true" write="true" search="true" />
						<defaultvalue>java.lang.Boolean.FALSE</defaultvalue>
						<persistence type="property" />
					</attribute>
				</attributes>
			</itemtype>

			<!-- Item type for B2BCustomer type -->
			<itemtype code="B2BCustomer" autocreate="false" generate="false">
				<attributes>
					<attribute qualifier="jobTitle" type="java.lang.String">
						<modifiers read="true" write="true" search="true" />
						<description> JobTitle of the B2b Customer</description>
						<persistence type="property" />
					</attribute>
					<attribute qualifier="firstName" type="java.lang.String">
						<modifiers read="true" write="true" search="true" />
						<description> First Name of the B2b Customer</description>
						<persistence type="property" />
					</attribute>
					<attribute qualifier="lastname" type="java.lang.String">
						<modifiers read="true" write="true" search="true" />
						<description> Last Name of the B2b Customer</description>
						<persistence type="property" />
					</attribute>
					<attribute qualifier="phone" type="java.lang.String">
						<modifiers read="true" write="true" search="true" />
						<description> Last Name of the B2b Customer</description>
						<persistence type="property" />
					</attribute>
					<attribute qualifier="department" type="java.lang.String">
						<modifiers read="true" write="true" search="true" />
						<description> Last Name of the B2b Customer</description>
						<persistence type="property" />
					</attribute>
					<!-- <attribute qualifier="sapConsumerID" type="java.lang.String">
						<description>Unique identifier of SAP consumer</description>
						<modifiers initial="true" read="true" write="true"
							optional="true" />
						<persistence type="property" />
					</attribute> -->
					<!-- <attribute qualifier="sapContactID" type="java.lang.String">
						<description>Unique identifier of SAP contact</description>
						<modifiers initial="true" read="true" write="true"
							optional="true" />
						<persistence type="property" />
					</attribute>
					<attribute qualifier="sapIsReplicated" type="java.lang.Boolean">
						<description>Indicates if the customer has been replicated to the SAP system</description>
						<modifiers read="true" write="true" search="true"
							optional="true" />
						<defaultvalue>Boolean.FALSE</defaultvalue>
						<persistence type="property" />
					</attribute>
					<attribute qualifier="sapReplicationInfo" type="java.lang.String">
						<description>Information related to the replication to the SAP system</description>
						<modifiers initial="true" read="true" write="true"
							optional="true" />
						<persistence type="property" />
					</attribute> -->

					<attribute qualifier="isNotified" type="java.lang.Boolean">
						<description>Indicates if the customer has been notified by email</description>
						<modifiers read="true" write="true" search="true"
							optional="true" />
						<defaultvalue>Boolean.FALSE</defaultvalue>
						<persistence type="property" />
					</attribute>

				</attributes>
			</itemtype>
  
			<itemtype code="Address" autocreate="false" generate="false">
				<attributes>
					<!-- <attribute qualifier="state" type="java.lang.String"> <modifiers 
						read="true" write="true" search="true" /> <description> State field of Customer's 
						Address</description> <persistence type="property" /> </attribute>
						 -->
					<!-- <attribute qualifier="sapCustomerID" type="java.lang.String">
						<description>Unique identifier of SAP customer</description>
						<modifiers initial="true" read="true" write="true" />
						<persistence type="property" />
					</attribute> -->
					<attribute qualifier="sapCustomerType" type="SapCustomerTypeSet">
						<description>collection set ST/BP/SH etc.</description>
						<modifiers read="true" write="true" search="false" />
						<persistence type="property" />
					</attribute>
					<attribute qualifier="addressId" type="java.lang.String">
						<modifiers read="true" write="true" search="true" />
						<description> addressId field of Customer's Address</description>
						<persistence type="property" />
					</attribute>

					<attribute qualifier="customerType" type="java.lang.String">
						<description>sets if  Customer Sold to or Ship to or Bill to</description>
						<modifiers read="true" write="true" search="false"
							optional="true" />
						<persistence type="dynamic" attributeHandler="customerTypeAttributeHandler" />
					</attribute>
				</attributes>
			</itemtype>

			<!-- Item type for CustomerRegistrationAddress type -->
			<itemtype code="CustomerRegistrationAddress" generate="true"
				autocreate="true" jaloclass="com.icommerce.core.jalo.CustomerRegistrationAddress"
				extends="Address">
				<attributes>
					<attribute autocreate="true" qualifier="organizationName"
						type="java.lang.String">
						<modifiers read="true" write="true" search="true" />
						<persistence type="property" />
					</attribute>
					<attribute autocreate="true" qualifier="state" type="java.lang.String">
						<modifiers read="true" write="true" search="true" />
						<persistence type="property" />
					</attribute>
					<attribute qualifier="isSameAsShippingAddress" type="java.lang.Boolean">
						<modifiers read="true" write="true" search="true" />
						<persistence type="property" />
						<defaultvalue>java.lang.Boolean.FALSE</defaultvalue>
					</attribute>
				</attributes>

			</itemtype>

			<!-- Item type for CustomerRegistrationLicenseDetail type -->
			<itemtype code="CustomerRegistrationLicenseDetail" generate="true"
				autocreate="true" jaloclass="com.icommerce.core.jalo.CustomerRegistrationLicenseDetail">
				<deployment table="CustRegLic" typecode="20101" />
				<attributes>
					<attribute qualifier="isFederalOrganization" type="java.lang.Boolean">
						<modifiers read="true" write="true" search="true" />
						<persistence type="property" />
						<defaultvalue>java.lang.Boolean.FALSE</defaultvalue>
					</attribute>
					<attribute autocreate="true" qualifier="licenceName"
						type="java.lang.String">
						<modifiers read="true" write="true" search="true" />
						<persistence type="property" />
					</attribute>
					<attribute autocreate="true" qualifier="licenceStateNumber"
						type="java.lang.String">
						<modifiers read="true" write="true" search="true"
							optional="true" />
						<persistence type="property" />
					</attribute>
					<attribute autocreate="true" qualifier="licenceExpiryDate"
						type="java.util.Date">
						<modifiers read="true" write="true" search="true"
							optional="true" />
						<persistence type="property" />
					</attribute>
					<attribute autocreate="true" qualifier="licenceAddressLine1"
						type="java.lang.String">
						<modifiers read="true" write="true" search="true"
							optional="true" />
						<persistence type="property" />
					</attribute>
					<attribute autocreate="true" qualifier="stateIssuingLicence"
						type="java.lang.String">
						<modifiers read="true" write="true" search="true"
							optional="true" />
						<persistence type="property" />
					</attribute>
					<attribute autocreate="true"
						qualifier="customerRegistrationShippingAddress" type="CustomerRegistrationAddress">
						<modifiers read="true" write="true" search="true"
							optional="true" />
						<persistence type="property" />
					</attribute>
					<attribute qualifier="hoursOfOperation" type="java.lang.String">
						<modifiers read="true" write="true" search="true" />
						<description>hours Of Operation</description>
						<persistence type="property" />
					</attribute>
				</attributes>

			</itemtype>

			<!-- Item type for Icommerce CustomerRegistration type -->
			<itemtype code="IcommerceCustomerRegistration"
				jaloclass="com.icommerce.core.jalo.IcommerceCustomerRegistration"
				extends="GenericItem" generate="true" autocreate="true">
				<deployment table="SeqCustReg" typecode="20100" />
				<attributes>
					<attribute qualifier="firstName" type="java.lang.String">
						<modifiers read="true" write="true" search="true"
							optional="false" />
						<description>first name of customer</description>
						<persistence type="property" />
					</attribute>
					<attribute qualifier="lastName" type="java.lang.String">
						<modifiers read="true" write="true" search="true"
							optional="false" />
						<description>last name of customer</description>
						<persistence type="property" />
					</attribute>
					<attribute qualifier="position" type="java.lang.String">
						<modifiers read="true" write="true" search="true" />
						<description>last name of customer</description>
						<persistence type="property" />
					</attribute>
					<attribute qualifier="role" type="java.lang.String">
						<modifiers read="true" write="true" search="true" />
						<description>role name of customer</description>
						<persistence type="property" />
					</attribute>
					<attribute qualifier="organizationName" type="java.lang.String">
						<modifiers read="true" write="true" search="true" />
						<description>Organization Name</description>
						<persistence type="property" />
					</attribute>
					<attribute qualifier="emailId" type="java.lang.String">
						<modifiers read="true" write="true" search="true"
							optional="false" unique="true" />
						<description>email id of customer</description>
						<persistence type="property" />
					</attribute>
					<attribute qualifier="optNotify" autocreate="true"
						type="java.lang.Boolean">
						<modifiers read="true" write="true" search="true" />
						<persistence type="property" />
						<defaultvalue>java.lang.Boolean.FALSE</defaultvalue>
					</attribute>
					<attribute qualifier="customerRegistrationLicenseDetail"
						type="CustomerRegistrationLicenseDetail">
						<description>CustomerRegistration License and shipping Details</description>
						<persistence type="property" />
					</attribute>
					<attribute autocreate="true"
						qualifier="customerRegistrationBillingAddress" type="CustomerRegistrationAddress">
						<modifiers read="true" write="true" search="true"
							optional="true" />
						<persistence type="property" />
					</attribute>
					<attribute qualifier="exportStatus" type="ExportStatus">
						<persistence type="property" />
						<modifiers read="true" write="true" search="true"
							optional="true" />
					</attribute>
				</attributes>
				<indexes>
					<index name="EmailIdIndx" unique="true">
						<key attribute="emailId" />
					</index>
				</indexes>
			</itemtype>

			<!-- Item type for Icommerce Customer Registration Email -->
			<itemtype code="IcommerceCustomerRegEmailProcess" extends="StoreFrontProcess"
				autocreate="true" generate="true"
				jaloclass="com.icommerceb2b.core.jalo.IcommerceCustomerRegEmailProcess">
				<attributes>
					<attribute qualifier="registeredUser" type="IcommerceCustomerRegistration">
						<persistence type="property" />
						<description>Attribute contains customer object that will be used in the process.</description>
					</attribute>
					<attribute qualifier="language" type="Language">
						<persistence type="property" />
						<description>Attribute contains language that will be used in the process.</description>
					</attribute>
					<attribute qualifier="currency" type="Currency">
						<persistence type="property" />
						<description>Attribute contains currency that will be used in the process.</description>
					</attribute>
				</attributes>
			</itemtype>
            

            <itemtype code="ApparelSizeVariantProduct" extends="ApparelStyleVariantProduct"
                      autocreate="true" generate="true"
                      jaloclass="com.icommerce.core.jalo.ApparelSizeVariantProduct">
                <description>Apparel size variant type that contains additional attribute describing variant size.
                </description>
                <attributes>
                    <attribute qualifier="size" type="localized:java.lang.String"
                               metatype="VariantAttributeDescriptor">
                        <description>Size of the product.</description>
                        <modifiers/>
                        <persistence type="property"/>
                    </attribute>
                </attributes>
            </itemtype>
        </typegroup>

        <typegroup name="Electronics">
            <itemtype code="ElectronicsColorVariantProduct" extends="VariantProduct"
                      autocreate="true" generate="true"
                      jaloclass="com.icommerce.core.jalo.ElectronicsColorVariantProduct">
                <description>Electronics color variant type that contains additional attribute describing variant color.
                </description>
                <attributes>
                    <attribute qualifier="color" type="localized:java.lang.String"
                               metatype="VariantAttributeDescriptor">
                        <description>Color of the product.</description>
                        <modifiers/>
                        <persistence type="property"/>
                    </attribute>
                </attributes>
            </itemtype>
        </typegroup>

    </itemtypes>
</items>
