ms,Jolie,Burton,999-9864 Lacus St,Shreveport,AL,37475,US,sit.amet@Donectempor.co.uk,ABCDEFG,1-287-734-6663
mrs,Clio,Wagner,981-9063 Nec St,Nashville,AK,73167,US,nec.mollis.vitae@Maurisblandit.org,ABCDEFG,1-451-693-7495
ms,Jackson,Finch,321-9241 Est Street,Huntsville,AZ,95360,US,malesuada.fringilla.est@nunc.com,ABCDEFG,1-235-491-8575
mr,Patricia,Lindsey,452-6662 Nascetur Avenue,Fort Wayne,AR,61705,US,varius.orci@ipsumac.net,ABCDEFG,1-865-812-3359
mr,Brendan,Hogan,5965 Eleifend Ave,Boston,CA,33315,US,scelerisque.dui.Suspendisse@telluseu.co.uk,ABCDEFG,1-579-670-7720
mrs,Quincy,Lindsay,9611 Consectetuer Rd,Augusta,CO,33738,US,ligula.Aenean@quis.co.uk,ABCDEFG,1-287-922-5230
ms,Adrienne,Walker,9179 Dui St,Southaven,CT,20018,US,Lorem@pellentesqueeget.net,ABCDEFG,1-214-717-0889
mr,Kathleen,Pearson,7793 Pede Ave,Norman,DE,73986,US,et.tristique@malesuadautsem.org,ABCDEFG,1-320-779-9190
mrs,Kibo,Calderon,835 Elit Street,Springfield,FL,24056,US,tristique.aliquet@mauris.co.uk,ABCDEFG,1-412-375-9612
ms,Rinah,Frazier,6505 Odio Street,Iowa City,GA,86158,US,aliquet.sem@ornare.org,ABCDEFG,1-793-647-3951
mr,Keane,Shelton,457-2151 Tellus Rd,Hilo,HI,73751,US,id@nullaIntegervulputate.ca,ABCDEFG,1-502-119-9258
ms,Levi,Strong,9084 Tortor St,Saint Louis,ID,73725,US,morbi@fringilla.org,ABCDEFG,1-137-303-2858
ms,Paki,Wells,553-1838 Tincidunt Av,Springfield,IL,87777,US,Sed.pharetra@dapibusrutrumjusto.ca,ABCDEFG,1-639-901-1119
mr,Mara,Rosa,8972 Phasellus St,Boston,IN,82206,US,Nunc@massarutrum.com,ABCDEFG,1-891-279-3245
mr,Naida,Osborne,3583 Sed Road,Toledo,IA,31487,US,Aenean.euismod@tempus.net,ABCDEFG,1-817-957-3195
mr,Bruce,Gilmore,293-8109 Curae Street,Boston,KS,92530,US,turpis.non.enim@liberoProinsed.com,ABCDEFG,1-879-585-7622
ms,Armand,Rocha,582-9723 Ante Ave,Cambridge,KY,74804,US,bibendum.Donec.felis@Quisqueac.net,ABCDEFG,1-819-880-6124
mrs,Alvin,Swanson,1420 Lectus Street,South Bend,LA,39828,US,molestie@dictummi.com,ABCDEFG,1-544-554-6081
mrs,Oliver,Bolton,505-8067 Gravida Rd,Mobile,ME,19231,US,eu.augue.porttitor@magnatellus.edu,ABCDEFG,1-990-190-4282
mrs,September,Goodman,677-6143 Pellentesque Avenue,Rochester,MD,12660,US,cursus.vestibulum.Mauris@condimentumegetvolutpat.edu,ABCDEFG,1-887-722-4540
ms,Kessie,Sellers,257-4978 Orci Ave,Bellevue,MA,75430,US,nonummy.Fusce.fermentum@felis.com,ABCDEFG,1-913-945-7659
mrs,Eleanor,Greer,438-8916 Nunc Ave,Springdale,MI,51822,US,ornare.lectus@arcuVestibulumante.co.uk,ABCDEFG,1-992-580-6911
ms,Sylvia,Cox,4365 Aliquet St,Kenosha,MN,20228,US,ipsum@sitametconsectetuer.org,ABCDEFG,1-839-537-8235
mr,Dakota,Robbins,513-2042 Placerat Street,Las Vegas,MS,12766,US,nisi.dictum.augue@egetvolutpatornare.com,ABCDEFG,1-836-495-6788
mrs,Rosalyn,Peck,6503 Amet Street,Sterling Heights,MO,32580,US,feugiat.nec.diam@tinciduntaliquamarcu.co.uk,ABCDEFG,1-705-863-7021
mr,Quincy,Gilmore,2992 Aliquet Rd,Fort Collins,MT,65920,US,libero.Proin@ipsumdolor.edu,ABCDEFG,1-389-745-5553
mr,Olympia,Chapman,8546 Nunc Rd,Miami,NE,99404,US,hymenaeos@commodoauctorvelit.co.uk,ABCDEFG,1-488-412-7677
mrs,Beatrice,Wong,418-479 Elit Rd,Ketchikan,NV,50649,US,nonummy.ipsum.non@ornareegestas.com,ABCDEFG,1-354-742-3692
ms,Veda,Berger,668-9980 Non Av,Milwaukee,NH,64258,US,mi.eleifend.egestas@Quisquefringilla.ca,ABCDEFG,1-408-570-0294
ms,Blake,Mack,5128 Placerat Rd,Henderson,NJ,33667,US,mattis.velit.justo@nullamagna.co.uk,ABCDEFG,1-298-656-8845
mrs,Karly,Wilcox,542-4104 Massa Av,Ketchikan,NM,36902,US,quam@Nam.com,ABCDEFG,1-505-818-1941
mrs,Emily,Hays,2263 Mollis Rd,Rockville,NY,82917,US,morbi.tristique@lectuspedeet.org,ABCDEFG,1-323-530-7567
mrs,Adena,Mcdaniel,870-6566 Vestibulum Rd,Billings,NC,90196,US,interdum@lacus.co.uk,ABCDEFG,1-526-171-4412
mr,Victor,Sykes,105 Dolor Av,Kansas City,ND,47029,US,urna@Aliquamnecenim.ca,ABCDEFG,1-285-431-4629
mrs,Audrey,Diaz,615-8595 Risus Ave,Jefferson City,OH,35695,US,Donec@nunc.net,ABCDEFG,1-928-869-3102
ms,Ingrid,Holland,7457 Orci Ave,Hattiesburg,OK,49835,US,porttitor@risusDonecnibh.edu,ABCDEFG,1-918-623-6514
ms,Jael,Harper,214-9586 Ac Rd,Salt Lake City,OR,37823,US,massa.rutrum.magna@ornare.edu,ABCDEFG,1-309-685-1073
ms,Carly,Sargent,2559 Et Av,Tulsa,PA,22645,US,Nulla.interdum@molestie.net,ABCDEFG,1-785-189-0674
ms,Malik,Brown,519-451 Ut Street,Aurora,RI,53901,US,Aliquam@Nullamfeugiatplacerat.com,ABCDEFG,1-270-830-3905
mr,Lucy,Fry,934 Sit Avenue,New Haven,SC,63126,US,aliquet@risusDonecegestas.org,ABCDEFG,1-522-778-3299
ms,Kylan,Maxwell,495-8474 Cursus Avenue,Hartford,SD,96462,US,in@Maurisut.co.uk,ABCDEFG,1-227-799-0661
mrs,Anne,Rowe,3304 Dolor Rd,Rutland,TN,64851,US,ullamcorper.velit@quamvel.org,ABCDEFG,1-886-753-8123
mr,Ginger,Cotton,430-1034 Nunc Avenue,Nampa,TX,86741,US,Praesent.eu.dui@egetmagnaSuspendisse.co.uk,ABCDEFG,1-868-272-7737
mr,Raven,Conrad,376-375 Nec St,Los Angeles,UT,42514,US,lobortis@at.ca,ABCDEFG,1-745-649-6030
mr,Harlan,Riddle,6234 Aenean Av,Miami,VT,34571,US,magnis@aclibero.com,ABCDEFG,1-694-397-3614
mr,Kaye,Slater,6487 Nisi Rd,Cheyenne,VA,87580,US,vel.convallis@ipsum.ca,ABCDEFG,1-638-559-4337
ms,Jeanette,English,574-3310 Placerat St,Newport News,WA,19145,US,est@cursus.com,ABCDEFG,1-575-794-9400
mr,Todd,Heath,1194 Arcu St,Tulsa,WV,39258,US,lectus.Nullam@dignissimtemporarcu.edu,ABCDEFG,1-511-458-5685
mr,Kimberly,Webster,408-9619 Facilisi Avenue,Lewiston,WI,15826,US,Proin.sed@In.co.uk,ABCDEFG,1-715-902-0881
ms,Chiquita,David,704-4293 Non Av,North Las Vegas,WY,62798,US,posuere.cubilia@ProinvelitSed.edu,ABCDEFG,1-548-880-8254
ms,Kasper,Patton,827-6181 Ornare Rd,Kansas City,DC,89339,US,Donec.elementum@nonquamPellentesque.edu,ABCDEFG,1-997-945-5463
ms,Adara,Howell,613-9184 Cubilia Road,Baton Rouge,AL,78255,US,auctor@dui.net,ABCDEFG,1-976-950-9274
ms,Bo,Dillon,5962 Nunc Avenue,Fort Collins,AK,28161,US,vulputate@in.co.uk,ABCDEFG,1-203-875-6901
mr,Sopoline,Cote,568-8001 Quis Rd,Fort Smith,AZ,97657,US,odio.Phasellus.at@nequeseddictum.net,ABCDEFG,1-697-660-3902
ms,Dexter,Trevino,612-128 Gravida Street,Los Angeles,AR,92054,US,nec.diam@nonummy.org,ABCDEFG,1-649-685-6303
ms,Imogene,Alford,7354 Nunc Street,Houston,CA,61568,US,sapien.Aenean.massa@Phasellusvitaemauris.com,ABCDEFG,1-307-767-4876
mrs,Craig,Ochoa,5460 Massa Rd,Chesapeake,CO,89812,US,eu.ultrices@liberoMorbi.net,ABCDEFG,1-989-640-0955
mr,Emmanuel,Beard,120-2140 Lacinia Road,Huntsville,CT,43876,US,enim@purusMaecenas.org,ABCDEFG,1-412-478-1409
mrs,Karleigh,Boone,336-6160 Proin Street,Grand Rapids,DE,13078,US,mollis.Integer.tincidunt@semperegestasurna.ca,ABCDEFG,1-821-157-8505
mr,Heidi,Carey,357-2014 Sem Av,Hilo,FL,40966,US,Proin@odio.ca,ABCDEFG,1-214-271-2717
mrs,Camden,Lyons,5206 Risus Rd,Chesapeake,GA,82204,US,sem.magna.nec@nullaante.co.uk,ABCDEFG,1-875-489-3891
mrs,Tanner,Williamson,898-794 Nulla St,Fayetteville,HI,17442,US,Duis@auctor.ca,ABCDEFG,1-866-800-3754
ms,Amelia,Leon,827-5727 Justo Street,Wyoming,ID,73536,US,Maecenas.ornare@duiSuspendisseac.net,ABCDEFG,1-198-825-0725
ms,Heather,Schwartz,580-2702 Id Rd,Des Moines,IL,44592,US,vitae@Crasinterdum.ca,ABCDEFG,1-289-303-1640
mrs,Frances,Cline,366-536 Nullam St,Georgia,IN,42024,US,porta@tortorat.com,ABCDEFG,1-476-877-7578
mr,Mallory,Bridges,825-3068 Auctor Av,Joliet,IA,65230,US,non@pharetra.net,ABCDEFG,1-386-257-2965
mr,Britanni,Finley,741-4150 Magna Rd,Spokane,KS,61418,US,magna.sed@feugiatmetus.net,ABCDEFG,1-437-987-6597
ms,Quentin,Avila,560-174 Nulla Ave,Gaithersburg,KY,38489,US,dui@euismod.org,ABCDEFG,1-854-789-9646
ms,Winter,Randolph,3795 Fermentum Ave,Pocatello,LA,33343,US,Pellentesque.tincidunt.tempus@antedictum.net,ABCDEFG,1-833-489-5784
ms,Ursula,Vincent,7850 Magna Av,Bloomington,ME,76606,US,Maecenas.libero@nasceturridiculusmus.ca,ABCDEFG,1-963-378-3094
ms,Jordan,Robertson,3336 Sed Rd,Sioux City,MD,86928,US,magna.Sed@Maurisut.ca,ABCDEFG,1-304-930-9706
mrs,Oliver,Dennis,2160 Duis Avenue,South Portland,MA,70640,US,in@IncondimentumDonec.co.uk,ABCDEFG,1-358-629-3903
mrs,Joelle,Gilbert,1042 In Rd,Newark,MI,45496,US,inceptos.hymenaeos.Mauris@nuncsedlibero.net,ABCDEFG,1-817-308-8277
ms,Lillith,Marks,525-2236 Eleifend Rd,Savannah,MN,12763,US,luctus@aliquet.com,ABCDEFG,1-852-334-0271
mr,Zorita,Hester,975 Aliquam Ave,Bozeman,MS,83068,US,consequat.auctor@ipsumnonarcu.edu,ABCDEFG,1-633-438-8002
ms,Sawyer,Soto,5588 Erat St,Annapolis,MO,30748,US,malesuada@elitpedemalesuada.net,ABCDEFG,1-512-849-4649
mr,Evangeline,William,363-7086 Lectus Rd,Waterbury,MT,22185,US,Proin@Cras.ca,ABCDEFG,1-886-345-4519
mr,Sacha,Lindsay,469-7548 Volutpat Rd,Tulsa,NE,52488,US,a.malesuada.id@sapien.co.uk,ABCDEFG,1-847-633-0367
mrs,Griffith,Church,111-3717 Quisque Street,Eugene,NV,76189,US,Nullam.suscipit.est@Nuncuterat.ca,ABCDEFG,1-288-212-9942
mr,Justina,Martin,1499 Nisi Rd,West Jordan,NH,69045,US,pellentesque@Loremipsum.edu,ABCDEFG,1-981-479-2579
mr,Micah,Dixon,4952 Enim Ave,Tucson,NJ,69686,US,mauris.erat@hendreritDonec.org,ABCDEFG,1-499-535-4438
mrs,Wayne,Hebert,5882 Eleifend St,Aurora,NM,61851,US,lorem.vehicula@uterat.org,ABCDEFG,1-316-892-8461
ms,Quentin,Hodges,390-9783 Arc Ave,Frankfort,NY,97043,US,quis.accumsan@Sedmalesuadaaugue.org,ABCDEFG,1-121-599-1459
mrs,Yen,Dodson,269-4862 Justo Street,Wilmington,NC,17018,US,Maecenas.libero@molestie.edu,ABCDEFG,1-102-280-4617
mrs,Blythe,Watkins,938-9424 Aliquam Av,Norfolk,ND,51655,US,Suspendisse@duiFusce.edu,ABCDEFG,1-346-906-6156
mr,Jemima,Cardenas,8037 Non Avenue,Kapolei,OH,69955,US,scelerisque.sed@Duis.com,ABCDEFG,1-975-922-1985
ms,Taylor,Chandler,9259 Sed St,Athens,OK,37868,US,Etiam@sedpedeCum.org,ABCDEFG,1-915-608-0370
ms,Gwendolyn,Shields,1773 Ornare Rd,Mesa,OR,23335,US,consectetuer@nonhendreritid.org,ABCDEFG,1-864-267-5018
mr,Regan,Bullock,346-7199 Consectetuer St,Boston,PA,28296,US,lectus@eunibhvulputate.net,ABCDEFG,1-722-489-3308
mr,Fuller,William,247-8582 Felis Av,Owensboro,RI,12765,US,Mauris@amet.com,ABCDEFG,1-466-545-5599
ms,Louis,Wong,885-8044 In Road,West Valley City,SC,22098,US,cursus.Integer@hendreritconsectetuer.com,ABCDEFG,1-911-718-8236
mr,Eleanor,Mendez,604-8661 Dolor Street,Essex,SD,50508,US,lorem.auctor@sapiencursusin.org,ABCDEFG,1-486-314-1204
mrs,Jermaine,Bradley,916-2905 Nec Rd,Chattanooga,TN,18101,US,ornare.tortor@Aenean.com,ABCDEFG,1-678-725-6537
mrs,Emerson,Cline,214-6033 Consectetuer Avenue,Wilmington,TX,71501,US,ullamcorper.magna.Sed@urnaVivamusmolestie.com,ABCDEFG,1-132-157-3947
mrs,Murphy,Spencer,107-6822 Turpis Avenue,Phoenix,UT,91665,US,Ut.tincidunt@non.net,ABCDEFG,1-259-535-7409
ms,Shafira,Battle,200-6192 Elementum St,Meridian,VT,28416,US,magna.Cras.convallis@Fusce.co.uk,ABCDEFG,1-540-289-4019
ms,Nomlanga,Hanson,352-6834 Urna Road,Lafayette,VA,28803,US,dapibus.gravida@loremloremluctus.edu,ABCDEFG,1-773-962-5711
mrs,Linda,Aguirre,5439 Quam St,Baton Rouge,WA,30853,US,Nullam.ut.nisi@fermentumarcuVestibulum.org,ABCDEFG,1-622-920-2507
mr,Meghan,Gardner,293-4037 Lacinia St,Fayetteville,WV,16570,US,Nullam.scelerisque@nec.ca,ABCDEFG,1-751-506-2157
mrs,Oliver,Mooney,4508 Mauris Av,Bellevue,WI,91994,US,vulputate@tellusidnunc.ca,ABCDEFG,1-648-218-5985