mrs,Nerea,Watts,652-6418 Sit Rd.,Clovenfords,,Q04 3RE,GB,dictum@vitaeodio.org.uk,ABCDEFG,0800 1111
mrs,Jade,Barr,887-7748 Et Street,Bolton,,RK28 0KF,GB,lectus@turpisnec.net,ABCDEFG,027 8707 8936
mr,Ethan,Lopez,583-7607 Luctus Rd.,Carluke,,K9U 6LZ,GB,a.arcu@dictumultricies.ca,ABCDEFG,0800 141 3171
mrs,Merrill,Suarez,5202 Ultrices Ave,Harlech,,GN3R 9UX,GB,pretium@turpis.ca,ABCDEFG,0356 568 8529
mr,Acton,Burris,704-9543 Phasellus St.,St. Neots,,MD4 0UE,GB,Duis.dignissim.tempor@magna.edu,ABCDEFG,07025 459356
mrs,Chloe,William,8295 Faucibus Avenue,Abergele,,A6W 9LB,GB,ullamcorper.velit.in@nonfeugiatnec.org,ABCDEFG,055 3005 3666
mr,Alden,Newman,577-6141 Lectus Ave,Dundee,,P46 6XV,GB,nisi.Mauris@non.net,ABCDEFG,026 7413 0889
mr,Carlos,Sexton,852-2212 Auctor Street,Stockton-on-Tees,,O21 0AI,GB,euismod.mauris@dictumPhasellusin.net,ABCDEFG,0903 688 1729
mr,Bernard,Delgado,917-9388 Ultrices Avenue,Roxburgh,,CM2 5OK,GB,lorem.vitae.odio@aliquamadipiscinglacus.net,ABCDEFG,01312 839541
mr,Eaton,Moon,270-5396 Vivamus Rd.,Hamilton,,RQ2S 8OW,GB,non.lorem.vitae@consequatdolorvitae.co.uk,ABCDEFG,0349 986 0520
mrs,Demetria,Sheppard,P.O. Box 497 2668 Pharetra St.,Kinross,,RV1R 3KL,GB,mauris@massanonante.com,ABCDEFG,070 8547 7857
mr,Brenden,Mills,P.O. Box 111 8884 Neque St.,Livingston,,Y8 9ZU,GB,id.sapien@eget.org,ABCDEFG,027 3692 1407
mr,Anthony,Schwartz,P.O. Box 691 2037 Malesuada Rd.,Hemel Hempstead,,QX22 2HH,GB,Nulla.eget@Nuncmauriselit.ca,ABCDEFG,0181 562 3573
mr,Jackson,Randolph,731-9475 Magna Rd.,Middlesbrough,,IL9 5KS,GB,ligula@iaculisquispede.net,ABCDEFG,022 0363 1808
mr,Melvin,Miles,158-3313 Egestas Street,Kettering,,T5L 2FF,GB,sed.sem@enimSed.edu,ABCDEFG,07624 109945
mr,Edan,Cortez,905-8346 Ultrices St.,Barrhead,,EM62 9VR,GB,in.consectetuer@malesuadavel.net,ABCDEFG,0384 193 4747
mr,Carson,Mcfadden,P.O. Box 938 7319 In Road,Halkirk,,FA8 0BO,GB,erat.Etiam.vestibulum@Aeneanegestas.org,ABCDEFG,0845 46 48
mr,Adam,Owens,3503 Augue Ave,Stockton-on-Tees,,E3U 5GL,GB,Nunc.lectus.pede@venenatisvelfaucibus.co.uk,ABCDEFG,015084 73495
mrs,Nomlanga,Hull,478-6248 Natoque Avenue,Stranraer,,F6 9FE,GB,libero@egestasDuis.org,ABCDEFG,0954 935 0975
mr,Dillon,Farrell,P.O. Box 517 8552 Mauris Road,Ellon,,AB77 0OF,GB,eget@necante.co.uk,ABCDEFG,0906 308 3860
mrs,Wynter,Merritt,149-8121 Amet Rd.,Glasgow,,TA6 4SF,GB,Mauris.vel@idsapien.edu,ABCDEFG,0500 383632
mrs,May,Rosales,9363 In St.,Newtonmore,,PV1W 0UP,GB,urna.Nunc.quis@Praesenteunulla.com,ABCDEFG,01548 74441
mrs,Urielle,Bruce,503-6428 Risus. Road,Durham,,EF48 8BU,GB,ipsum.nunc.id@amet.edu,ABCDEFG,07624 103173
mrs,Alfreda,Carrillo,P.O. Box 150 3163 Amet St.,Exeter,,Z1D 8SM,GB,arcu@volutpat.org,ABCDEFG,07438 902553
mr,Upton,Hull,6086 Sociis Road,Lauder,,P85 2ZT,GB,non.cursus.non@leoelementum.ca,ABCDEFG,016977 3387
mr,Ahmed,Travis,1690 Mauris St.,Lancaster,,ZH96 5TS,GB,nibh@dui.net,ABCDEFG,0110 723 7594
mr,Mufutau,Francis,359-3585 Aliquam St.,Swansea,,A9 3MM,GB,vel.sapien.imperdiet@Aenean.ca,ABCDEFG,0845 46 48
mr,Shaine,Brock,852-2295 Auctor Rd.,Cardigan,,R86 7BO,GB,a.scelerisque.sed@justofaucibuslectus.edu,ABCDEFG,070 7496 6045
mrs,Charlotte,Lamb,9797 Nulla St.,Eastbourne,,BC0 3FS,GB,urna.justo@Nulla.com,ABCDEFG,07886 965819
mr,Callum,Ashley,P.O. Box 530 6286 Donec Street,Kirkcaldy,,Q8F 5NI,GB,ipsum.dolor.sit@eratSed.org,ABCDEFG,055 3527 7038
mr,Bradley,Pennington,4721 Odio Avenue,Basildon,,J7X 6CB,GB,vitae.erat.vel@sitametmassa.co.uk,ABCDEFG,076 2272 1786
mrs,Hanna,Avery,P.O. Box 785 3198 Bibendum St.,Clovenfords,,E9Z 6FT,GB,tempus@odio.net,ABCDEFG,0384 565 2313
mrs,Melyssa,Berg,228-2149 A St.,Bloxham,,AY4 1UF,GB,semper.erat.in@natoquepenatibuset.ca,ABCDEFG,01742 027485
mrs,Bertha,Perez,P.O. Box 656 5123 Pharetra Av.,Johnstone,,ZD8Z 8JU,GB,nunc.ac@luctusvulputate.co.uk,ABCDEFG,0151 013 4281
mrs,Astra,Barron,9384 Sem Rd.,Monmouth,,RL8 9RC,GB,Ut.nec@Fuscedolorquam.org,ABCDEFG,0811 077 1143
mr,Tobias,Kaufman,274 In Av.,Kilsyth,,W8 1QC,GB,netus.et@iaculisodio.com,ABCDEFG,01003 34023
mrs,Nerea,Massey,788-6513 Suscipit Ave,Derby,,A0 4TI,GB,mollis.lectus.pede@euligula.com,ABCDEFG,0181 508 5926
mr,Rogan,Zamora,897-1394 Morbi Rd.,Wells,,DE58 8OF,GB,molestie.in.tempus@lacusAliquamrutrum.com,ABCDEFG,055 3508 5365
mrs,Jena,Carpenter,9186 Fusce Street,Lichfield,,NA76 8IB,GB,et@parturientmontesnascetur.edu,ABCDEFG,07316 967245
mrs,Zelda,Cardenas,411-8651 Pharetra Road,Tredegar,,BI0G 0NI,GB,adipiscing.enim@consectetuermaurisid.co.uk,ABCDEFG,0500 960934
mr,Kieran,Ferrell,6700 Metus St.,Galashiels,,KU6Z 6CW,GB,dolor.Quisque.tincidunt@temporerat.com,ABCDEFG,07624 113562
mrs,Mira,Stewart,540-6538 Diam Avenue,Oban,,K76 5LT,GB,mauris.elit.dictum@elementumpurus.ca,ABCDEFG,076 3834 7308
mr,Marvin,Richards,362-2609 Neque. Avenue,Aberystwyth,,J9 9XL,GB,vehicula@suscipitest.edu,ABCDEFG,0902 394 3728
mr,Kato,Aguilar,5132 Elit Rd.,Dalbeattie,,BC4I 7EA,GB,In.faucibus@aliquetdiamSed.edu,ABCDEFG,070 1540 2648
mr,Peter,Simmons,9349 Proin Rd.,Portree,,AA8 8GU,GB,eget.volutpat.ornare@pedeacurna.com,ABCDEFG,0800 192 9199
mr,Darrel,Lewis,3433 Egestas. Road,Durham,,G3 0WW,GB,imperdiet.erat.nonummy@maurisMorbi.org,ABCDEFG,056 6860 4177
mrs,Catherine,Melton,8008 Tempor Ave,King's Lynn,,QQ9 6AA,GB,tempor@Proinnonmassa.com,ABCDEFG,076 5878 6169
mr,William,Whitley,608-8890 Odio. Rd.,Denbigh,,O7 5VW,GB,id.sapien.Cras@Donecnon.net,ABCDEFG,0161 624 1735
mrs,Abigail,Ortiz,6987 Natoque Ave,Cardiff,,ZA7E 2RQ,GB,lacus@ametconsectetueradipiscing.ca,ABCDEFG,0800 1111
mrs,Kristen,Davis,P.O. Box 441 6472 Ipsum Ave,Forfar,,CD10 8VT,GB,aliquet.diam@pedePraesenteu.co.uk,ABCDEFG,016977 6946
mr,Alfonso,Norton,745-1239 Nec Rd.,Cwmbran,,H0R 7LS,GB,tellus@eratvolutpatNulla.co.uk,ABCDEFG,0500 031802
mr,Blake,Rivera,226-2179 Ligula. Avenue,Marlborough,,N43 7JQ,GB,odio.a.purus@mipedenonummy.ca,ABCDEFG,056 3922 2074
mr,Eagan,Wheeler,P.O. Box 471 9412 Ac Av.,Stockport,,Z98 4SY,GB,Integer@amet.org,ABCDEFG,0320 074 4548
mrs,Ila,Whitaker,304-5546 At Road,Leicester,,ZG1 4UU,GB,nunc@Donecnibh.co.uk,ABCDEFG,01465 531126
mrs,Cherokee,Britt,P.O. Box 500 5190 Adipiscing Av.,Galashiels,,S3 4JZ,GB,malesuada.augue@consequatnec.com,ABCDEFG,076 1782 2151
mr,Nola,Lynch,840-9108 Vitae Rd.,Dalbeattie,,XT7L 1DX,GB,fames.ac.turpis@erat.com,ABCDEFG,022 3774 3774
mrs,Penelope,Henry,9402 Consectetuer St.,Maidenhead,,ZD4 4NF,GB,in.cursus@risus.net,ABCDEFG,0111 159 3171
mrs,Juliet,Delgado,4739 Curabitur Rd.,East Linton,,Y00 7UP,GB,mi.fringilla.mi@nuncac.net,ABCDEFG,07624 240172
mrs,Mollie,Mendez,8649 Non St.,Holywell,,SF06 1UD,GB,Duis.mi.enim@commodoauctorvelit.org,ABCDEFG,013120 43274
mr,Ferdinand,Rowland,812-8462 Blandit Street,Whithorn,,G8E 9QQ,GB,ante@purusNullamscelerisque.ca,ABCDEFG,016977 8276
mrs,Tanisha,Garrett,734-9004 Lobortis Rd.,Scalloway,,TR20 7ML,GB,eu@non.org,ABCDEFG,01364 257668
mr,Ahmed,Macdonald,P.O. Box 307 7803 Arcu Road,Falmouth,,G3 6GV,GB,arcu.Curabitur@commodoauctorvelit.org,ABCDEFG,07486 466006
mrs,Danielle,Clarke,242-9864 Arcu Avenue,Sandy,,A8 0CU,GB,Pellentesque.ut@diamvelarcu.net,ABCDEFG,076 4722 9864
mrs,Jordan,Salas,260-9168 Ipsum Rd.,Bournemouth,,C8 4VZ,GB,velit@Crassed.edu,ABCDEFG,0845 46 44
mrs,Liberty,Gilbert,P.O. Box 666 6384 Urna St.,Stevenage,,XN0W 6DC,GB,feugiat.nec.diam@nibh.ca,ABCDEFG,0861 212 0467
mrs,Eve,Richmond,837-6616 Dapibus St.,Crawley,,M6 0MZ,GB,vehicula.Pellentesque.tincidunt@urnaNullamlobortis.org,ABCDEFG,0800 821141
mr,Kylan,Rojas,P.O. Box 210 795 Vestibulum Ave,Lancaster,,CI58 3FV,GB,at.auctor@In.ca,ABCDEFG,023 2007 5882
mr,Hedley,Gaines,353-4333 Dui Street,Walsall,,A93 5JE,GB,lorem.eget@Suspendisseacmetus.com,ABCDEFG,01805 49447
mr,Alexander,Mercer,281-8403 Penatibus St.,Paignton,,XW8 8MX,GB,sodales.Mauris@vehicula.net,ABCDEFG,0397 926 5410
mr,Lance,Hahn,141-7858 Ut Road,Wimborne Minster,,MZ46 8GO,GB,eleifend.non@eget.com,ABCDEFG,070 3921 1518
mrs,Kim,Booker,8787 Nisi. Avenue,Lockerbie,,H0 1NX,GB,ultricies@mattis.ca,ABCDEFG,0800 1111
mrs,Cheryl,Baxter,P.O. Box 564 9870 Nisl Road,Crewe,,Q50 6MS,GB,arcu.ac@diamSeddiam.com,ABCDEFG,07957 973730
mrs,Olga,Hayes,P.O. Box 590 8728 Molestie Avenue,Wigtown,,U96 5XG,GB,in.faucibus.orci@Proin.ca,ABCDEFG,0907 676 2089
mrs,Katell,Conway,649-8470 Nunc St.,Basingstoke,,S89 3PS,GB,justo.nec@estmaurisrhoncus.net,ABCDEFG,016977 3895
mrs,Giselle,Pacheco,735-1139 Libero Rd.,Kinross,,YG2 4BJ,GB,lectus@facilisisnon.co.uk,ABCDEFG,0990 801 4347
mr,Mufutau,Dunlap,2262 Proin St.,Fort William,,O8 1QG,GB,elit.pretium@vitae.co.uk,ABCDEFG,0306 940 1855
mrs,Christen,Barrera,3624 Mollis Ave,Ambleside,,PH8 5UK,GB,libero.lacus@nuncestmollis.co.uk,ABCDEFG,055 2782 9590
mrs,Whitney,Thompson,948-8511 A Street,Fochabers,,LT5 2WH,GB,neque@magna.ca,ABCDEFG,0101 251 9345
mrs,Jordan,Kennedy,P.O. Box 804 8663 Lorem Street,Coatbridge,,FX0B 8OF,GB,dignissim.magna@musProin.co.uk,ABCDEFG,0116 178 6530
mr,Solomon,Donaldson,P.O. Box 531 1430 Mauris Avenue,Broxburn,,B2 8FH,GB,et.lacinia.vitae@egestasSed.ca,ABCDEFG,0112 404 4765
mr,Edan,Irwin,P.O. Box 161 8114 Eget Rd.,Kilmalcolm,,II0 9AB,GB,Sed.eget.lacus@Proinvelit.co.uk,ABCDEFG,07624 265248
mr,Jason,Hale,P.O. Box 441 2116 Velit Road,Yeovil,,VR7 9RF,GB,dictum@maurissit.org,ABCDEFG,0800 890989
mrs,Veda,Solomon,859-9651 Augue. St.,Wolverhampton,,OZ15 4LI,GB,eget@magnanec.com,ABCDEFG,055 0961 3859
mrs,Illana,Cardenas,243-1574 Pellentesque. Rd.,Uppingham. Cottesmore,,NI3N 6AO,GB,metus.Vivamus.euismod@Fuscediam.co.uk,ABCDEFG,023 5066 2410
mrs,Cleo,Horn,792-6404 Sed St.,North Berwick,,AU1B 8ST,GB,Pellentesque.habitant.morbi@loremtristique.edu,ABCDEFG,0916 494 1988
mrs,Shana,Mcintosh,543-2280 Erat Av.,Holywell,,B7 6SO,GB,Vivamus@ametfaucibus.net,ABCDEFG,018669 80165
mrs,Lenore,Franco,P.O. Box 903 573 Mi Street,Abergele,,A28 0TS,GB,Nam@pharetra.ca,ABCDEFG,0800 1111
mr,Melvin,Olson,741-7295 Tellus St.,Kinross,,O5P 7NV,GB,rutrum.urna@imperdiet.ca,ABCDEFG,056 0835 2437
mr,Reuben,Hoover,2849 Pharetra St.,Llanwrtwd Wells,,E54 8XA,GB,orci.sem@iaculislacuspede.org,ABCDEFG,0800 1111
mrs,Frances,Casey,6294 Mus. Av.,New Quay,,Z8 3XY,GB,habitant.morbi.tristique@etrutrumeu.co.uk,ABCDEFG,055 4527 8728
mr,Conan,Rogers,698-9196 Dictum Rd.,Carterton,,U9 8TI,GB,faucibus.id.libero@urnaNullam.edu,ABCDEFG,0117 924 7407
mrs,Mariam,Mercer,P.O. Box 125 8269 Tempor Street,Yeovil,,Y8 9ZQ,GB,a@Sedpharetra.edu,ABCDEFG,0327 589 1650
mrs,Wing,Hubbard,442-764 Dui Street,Armadale,,R2M 0MO,GB,tempor@rutrum.ca,ABCDEFG,0877 778 7958
mr,Forrest,Kim,953-7035 Nec St.,Kelso,,C77 2AL,GB,Donec.fringilla@eu.net,ABCDEFG,056 6441 2342
mrs,Jamalia,Daniel,983-2910 Nec Avenue,Bournemouth,,TR06 6EL,GB,porttitor.eros.nec@penatibuset.net,ABCDEFG,0800 486444
mr,Hadassah,Bright,974-1197 Eu Av.,Thurso,,ER77 5IZ,GB,mauris.blandit.mattis@velpedeblandit.edu,ABCDEFG,0845 46 48
mrs,Germaine,Tran,778-725 Eu Av.,Rhayader,,Q0 4QR,GB,Aliquam.rutrum@massaSuspendisse.edu,ABCDEFG,0800 1111
mrs,Alika,Ferguson,3576 Enim. Road,Caerphilly,,MR64 5ND,GB,malesuada.Integer@lectus.ca,ABCDEFG,070 8614 4735
mr,Griffith,Ayers,299-4995 Mollis. Avenue,Cumbernauld,,OK47 5UZ,GB,orci@sociisnatoque.com,ABCDEFG,016036 63321
mr,Ryan,Head,236-8284 Et Road,Witney,,P1 0OB,GB,at@eutellus.com,ABCDEFG,0800 1111
